Dates,MSCI World Index %,Goldman Commodity Index %,US 5Y Treasury Futures %,Combination Return %,Combination Return Prediction,Combination Max Drawdown Monthly,Combination Max Drawdown Prediction,Gold percent change,VIX,T10Y2Y,Misery Index,corporate - rf,Oil percent change
2006-01-31,0.029367480196574203,0.014476242241892034,0.0031134253046323224,0.3988195728110273,0.38297722148708724,-0.027712102285834945,-0.023687371300984337,0.08315588744206415,12.03600001335144,0.020499999999999997,8.69,-0.9019999999999999,
2006-02-28,0.0026839245790044597,-0.043333145042680044,-0.013451418990028663,0.38297722148708724,0.3952487063565796,-0.023687371300984337,0.013459927510305471,0.006329457949569628,12.47105262154027,-0.0994736842105263,8.4,-1.3478947368421055,-0.05835684596947899
2006-03-31,0.017065031733850322,0.012801505035545668,-0.004943718399158636,0.3952487063565796,0.4400889300299613,0.013459927510305471,0.024528499629834135,0.0053051290742520685,11.693913003672725,-0.010000000000000004,8.06,-1.5217391304347823,0.021425694724124034
2006-04-30,0.023140523698228277,0.09874423039686331,-0.00860345876423052,0.4400889300299613,0.44593349439186003,0.024528499629834135,0.06682889475297758,0.09605865817383297,11.847368441129985,0.10157894736842103,8.25,-1.8357894736842102,0.116473464237836
2006-05-31,0.0006411015020013622,0.017289357662072957,-0.00351507713885002,0.44593349439186003,0.41567439531275413,0.06682889475297758,0.10677976691279303,0.10078255207366693,14.454545411196621,0.14181818181818182,8.77,-1.9809090909090914,0.003920045204125033
2006-06-30,-0.050270800770600976,-0.013100287930697951,-0.0035906527870741556,0.41567439531275413,0.43605060080560964,0.10677976691279303,0.10955855857790837,-0.11500313309676669,16.91863627867265,-0.015454545454545455,8.92,-1.8740909090909093,0.007176276075562038
2006-07-31,0.012978082513271039,0.03907749388810844,0.0014002758358802048,0.43605060080560964,0.4487111300030479,0.10955855857790837,0.1231238917375366,0.06277547057950006,15.325999879837036,-0.031000000000000007,8.85,-1.8450000000000002,0.04376375257587939
2006-08-31,0.02815690182749142,-0.00906340164496211,0.011695125729528577,0.4487111300030479,0.4206834608718182,0.1231238917375366,0.1286939956660719,-0.004676620374802654,13.351739137069039,-0.026956521739130438,8.52,-1.6643478260869566,-0.03898407174407725
2006-09-30,0.013937360226664808,-0.10302369100210773,0.007079617374503799,0.4206834608718182,0.43245657004098864,0.1286939956660719,0.13023611049302372,-0.05077703928801636,12.184499979019165,-0.05000000000000001,6.56,-1.5495,-0.11891082558584909
2006-10-31,0.031151192497217206,-0.010295446208155257,-0.0013272060438920263,0.43245657004098864,0.45446147880364035,0.13023611049302372,0.13307428341635455,-0.01980531489892079,11.306363625959916,-0.06666666666666668,5.71,-1.7604761904761905,-0.0672146696174517
2006-11-30,0.024782530416545434,0.025239231590733713,0.005199416650814692,0.45446147880364035,0.4711191676566436,0.13307428341635455,0.1354310767431086,0.0706917186646685,10.817619051252093,-0.14523809523809522,6.47,-1.870952380952381,0.008634422451193169
2006-12-31,0.027141293964760838,0.008087256714704116,0.001710013469842453,0.4711191676566436,0.44480909972626015,0.1354310767431086,0.13912734995232623,0.000454012821503591,10.964500045776367,-0.10900000000000001,6.94,-1.9394999999999996,0.025681522241357557
2007-01-31,0.008479876673082476,-0.08210982680289114,-0.012077112572751902,0.44480909972626015,0.4796998421836791,0.13912734995232623,0.1614575069545785,0.004006709645959727,11.042500066757203,-0.11666666666666665,6.68,-2.296190476190476,-0.10141532614749538
2007-02-28,0.024277682808906187,0.06424037875971522,0.0017851232471037815,0.4796998421836791,0.4798305692450446,0.1614575069545785,0.21363213087925345,0.05605039111456889,11.155263097662674,-0.12631578947368421,6.92,-2.4305263157894736,0.10318111384559292
2007-03-31,-0.021562351633467314,0.02611375733627508,0.011813918736018891,0.4798305692450446,0.5202955220907799,0.21363213087925345,0.21363213087925345,-0.018371156704227842,15.162727269259365,-0.0090909090909091,7.18,-2.0600000000000005,0.013426423200859183
2007-04-30,0.047073425509724265,0.051098146784360976,-0.006374075224354625,0.5202955220907799,0.5326404550955952,0.21363213087925345,0.21363213087925345,0.03890091147790131,12.93299994468689,0.027619047619047623,7.07,-2.193,0.04253393665158378
2007-05-31,0.024297748466273417,0.0028208593446150676,-0.005274946659578061,0.5326404550955952,0.5419380706915065,0.21363213087925345,0.22067112749538062,-0.01773194236935982,13.297727324745871,-0.02,7.09,-2.3377272727272733,0.007218155655655645
2007-06-30,0.0027672148182218415,0.030740863939906493,-0.018968627947779648,0.5419380706915065,0.5628742803922022,0.22067112749538062,0.23887959188410055,-0.018190668160872336,14.947618938627697,0.1223809523809524,7.29,-2.367142857142857,0.05819325284366639
2007-07-31,0.012313036026442292,0.038884758668425334,0.00780017435683833,0.5628742803922022,0.5299754536292535,0.23887959188410055,0.249395531043884,0.015635087612696497,17.273333277021134,0.18523809523809523,7.06,-1.5985714285714285,0.10003668647736452
2007-08-31,-0.05338852098393676,-0.027697790611373896,0.02326440295333687,0.5299754536292535,0.5734061997295641,0.249395531043884,0.249395531043884,0.00032374349006158987,25.026086724322774,0.3617391304347826,6.57,-0.16217391304347825,-0.037579040046957224
2007-09-30,0.03016080198923743,0.07546881044215037,0.01290840967292839,0.5734061997295641,0.6175089711716715,0.249395531043884,0.249395531043884,0.07162213777838722,22.19894740456029,0.51,7.46,0.29263157894736846,0.10970961258576506
2007-10-31,0.045084916018600873,0.06108857951580582,0.0011954040151662682,0.6175089711716715,0.6297410530687231,0.249395531043884,0.2895575652688443,0.06042473103784651,19.115652084350586,0.56,8.24,0.07045454545454546,0.12440669497876566
2007-11-30,-0.03559917985945393,0.0742101293983839,0.02705417691562828,0.6297410530687231,0.6268151874081944,0.2895575652688443,0.30715857476483355,0.06584873591412088,25.582380930582683,0.812,9.01,1.7985000000000002,0.05062763830259942
2007-12-31,-0.00045007340849689825,-0.012141837959607438,0.010325428863882324,0.6268151874081944,0.6049557244964577,0.30715857476483355,0.34799919924991424,0.0005213799597514335,21.651000022888184,0.9804999999999998,9.08,2.4314999999999998,-0.012936480664005767
2008-01-31,-0.0677144628846339,0.021697594878522297,0.029357402153983303,0.6049557244964577,0.6138198099223268,0.34799919924991424,0.34799919924991424,0.10081856554373991,25.816190719604492,1.2685714285714285,9.28,4.073333333333333,-0.028081282001842567
2008-02-29,-0.02336619995888456,0.0534008469134557,0.01237925990401223,0.6138198099223268,0.633364437861799,0.34799919924991424,0.34799919924991424,0.041841434137278366,25.456000137329102,1.7645,8.93,5.189,0.06885625327198075
2008-03-31,-0.019714652546470424,0.07687143174046995,0.016646354023619914,0.633364437861799,0.6699300012709336,0.34799919924991424,0.34799919924991424,0.03756741543549791,27.103500080108642,1.8929999999999993,9.08,6.539,0.09104970096927234
2008-04-30,0.04753716301373667,0.043611884813307134,-0.016447851882608,0.6699300012709336,0.711054581588364,0.34799919924991424,0.37860213413238314,-0.05203179041175421,21.562727321277965,1.627727272727273,8.94,5.655000000000001,0.09079954635667686
2008-05-31,0.025784847369571873,0.0860094304645691,-0.0124742935330312,0.711054581588364,0.7095963330899842,0.37860213413238314,0.38297722148708724,-0.021436435949097832,18.303333009992325,1.4342857142857142,9.58,4.636666666666666,0.10856239305131377
2008-06-30,-0.04662971754082723,0.06748166398855715,-0.011746480826408057,0.7095963330899842,0.6744414424380716,0.38297722148708724,0.38297722148708724,-0.0002304733378070134,22.11047617594401,1.3257142857142858,10.62,4.311428571428571,0.08406963793743549
2008-07-31,-0.06563353588486509,-0.012393646444122441,0.013331023639752138,0.6744414424380716,0.6243441656427834,0.38297722148708724,0.3952487063565796,0.05553679602605399,24.32136362249201,1.4345454545454546,11.4,5.472272727272727,-0.058570769408236245
2008-08-31,-0.014324448730302142,-0.1279286773679167,0.012266564324224793,0.6243441656427834,0.5609378290520733,0.3952487063565796,0.41567439531275413,-0.11002343400706105,20.695714133126394,1.4652380952380955,11.47,6.014285714285714,-0.1342472047786798
2008-09-30,-0.06282645696210698,-0.09753611356535818,0.014296877588125367,0.5609378290520733,0.36910734244419074,0.41567439531275413,0.36910734244419074,-0.009269840464931844,30.238571348644438,1.6099999999999999,11.04,7.316666666666667,-0.10106147722246794
2008-10-31,-0.22182357505688188,-0.23339075504960805,0.005120434586141309,0.36910734244419074,0.2655241851078007,0.36910734244419074,0.2655241851078007,-0.028287174760079248,61.1773912181025,2.2018181818181817,10.16,13.502272727272727,-0.3074784747847479
2008-11-30,-0.09196572406970271,-0.18261117543703875,0.0420907740094989,0.2655241851078007,0.21350680169712918,0.2655241851078007,0.21350680169712918,-0.055307146462397205,62.639473362972865,2.3138888888888887,7.87,16.77388888888889,-0.25189158466839545
2008-12-31,-0.0004142863863205726,-0.1687234540571898,0.048286458016701506,0.21350680169712918,0.2192996152864763,0.21350680169712918,0.21350680169712918,0.08526223699300761,52.405000166459516,1.5954545454545455,7.39,19.815,-0.2203228869895536
2009-01-31,-0.008622691349201128,0.026890622329514224,0.004616276324117985,0.2192996152864763,0.16085480898345356,0.21350680169712918,0.16085480898345356,0.044821507124254145,44.68300018310547,1.7105000000000001,7.83,16.309000000000005,0.007856272838002276
2009-02-28,-0.07653345756071706,-0.05271639227418823,-0.011515601511322138,0.16085480898345356,0.15747220843609336,0.16085480898345356,0.15747220843609336,0.09208929117098497,45.57052592227333,1.894736842105263,8.44,15.89421052631579,-0.02483533748262745
2009-03-31,-0.058131427964894344,0.07037141535800528,0.007020787065234124,0.15747220843609336,0.23620502788312014,0.15747220843609336,0.15747220843609336,-0.016494673278494187,44.7954548922452,1.8881818181818182,8.22,17.19363636363636,0.22800842731441318
2009-04-30,0.12368644100468962,0.04788908017781113,0.0008561392163204395,0.23620502788312014,0.3212504699658806,0.15747220843609336,0.15747220843609336,-0.038817164215710465,38.063809349423366,2.0,8.16,15.049047619047615,0.046140804133699476
2009-05-31,0.0895646192792412,0.11856306827659169,-0.008226276357781503,0.3212504699658806,0.37560712431027893,0.15747220843609336,0.15747220843609336,0.044630471062897525,31.97799997329712,2.3634999999999997,8.12,12.0625,0.20158209531159565
2009-06-30,0.03534584306717736,0.11419657912599868,-0.021900465888599174,0.37560712431027893,0.36084268242443424,0.15747220843609336,0.15747220843609336,0.016409776355731376,29.140454725785688,2.5377272727272726,8.07,10.29227272727273,0.11387648928995797
2009-07-31,0.0092002422247075,-0.0626868618610783,0.017172257687859904,0.36084268242443424,0.43556884701302245,0.15747220843609336,0.15747220843609336,-0.01118610681729959,26.16272735595703,2.5431818181818184,7.4,9.78,-0.05957186103502965
2009-08-31,0.08918545662889499,0.08656625740462753,-0.0010983587831926434,0.43556884701302245,0.4487089797961937,0.15747220843609336,0.15747220843609336,0.015723201513671015,25.33714285350981,2.4719047619047623,8.22,8.512380952380953,0.08247557003257322
2009-09-30,0.04199868613858371,-0.029101768976163678,0.015509392370244512,0.4487089797961937,0.4910494944248941,0.15747220843609336,0.15747220843609336,0.05074366741016689,24.926666713896253,2.4457142857142853,8.51,8.016666666666666,-0.01830977937636291
2009-10-31,0.022020356022037557,0.08698280995688634,0.005909020885142668,0.4910494944248941,0.5103575226676181,0.15747220843609336,0.15747220843609336,0.04694900896305465,24.252272865988992,2.438571428571428,9.92,7.39047619047619,0.1099891813919942
2009-11-30,0.010714727313814176,0.03541143207695119,0.010377755725893278,0.5103575226676181,0.5130617028095119,0.15747220843609336,0.15747220843609336,0.08316608514323365,23.783499908447265,2.599473684210526,11.74,7.2505263157894735,-0.0070955165692008215
2009-12-31,0.01221855139715533,-0.008650196238826013,-0.002516845820632052,0.5130617028095119,0.5290179324306105,0.15747220843609336,0.15747220843609336,-0.004543991517882318,21.239545475352894,2.715454545454545,12.62,6.565,-0.016281870059159043
2010-01-31,0.012270238023162738,0.029175163070672028,-0.002601309768120119,0.5290179324306105,0.4952592528939784,0.15747220843609336,0.15747220843609336,-0.008429964094988973,20.643157758210833,2.8042105263157895,12.33,5.87,0.009499733901010998
2010-02-28,-0.04792668458772675,-0.032427212296701535,0.010361247073845448,0.4952592528939784,0.5363607651847513,0.15747220843609336,0.15747220843609336,-0.016365163127338822,22.540000012046413,2.8342105263157893,11.84,6.371578947368421,0.03823444131059395
2010-03-31,0.05516198399156447,0.03904878096155939,-0.0009770202770342795,0.5363607651847513,0.5646207990926154,0.15747220843609336,0.15747220843609336,0.01402587084518836,17.767391287762187,2.7686956521739132,12.01,5.72608695652174,0.037099333544906354
2010-04-30,0.03022937294749317,0.03927678627170961,-0.004010185073205275,0.5646207990926154,0.4957101343784579,0.15747220843609336,0.15747220843609336,0.03153446003827409,17.42428566160656,2.7863636363636366,12.04,5.149523809523809,0.03867927415159578
2010-05-31,-0.08727546977451506,-0.08149827778014518,0.021676449307672208,0.4957101343784579,0.48166905174007424,0.15747220843609336,0.15747220843609336,0.049331711285596214,31.929500007629393,2.5895,11.62,6.106000000000001,-0.14623928350469895
2010-06-30,-0.028041687378748126,-0.004632662822509626,0.010674620259125245,0.48166905174007424,0.4935888928549468,0.15747220843609336,0.15747220843609336,0.023247130624166612,29.91636371612549,2.479545454545454,10.55,6.698636363636362,0.04198873674911652
2010-07-31,0.01164305070124838,0.011096417873127207,0.014763796724359013,0.4935888928549468,0.5156533869673449,0.15747220843609336,0.15747220843609336,-0.03325405004054993,25.565237862723215,2.394761904761905,10.74,6.4795238095238075,0.026725394091932975
2010-08-31,0.018567984262321202,0.029632555658563264,0.01606071667160247,0.5156533869673449,0.5403773070757178,0.15747220843609336,0.15747220843609336,0.020578939588581147,24.745908997275613,2.178181818181818,10.75,6.496818181818182,-0.02120439957423481
2010-09-30,0.03613955482700448,0.017430086382174137,0.0036907497407323575,0.5403773070757178,0.5913889523722141,0.15747220843609336,0.15747220843609336,0.04507472325239781,22.51761899675642,2.1676190476190476,10.74,6.1552380952380945,0.01556733101339236
2010-10-31,0.051332317848311826,0.06693150390611513,0.012796400034666977,0.5913889523722141,0.6093151392598948,0.15747220843609336,0.15747220843609336,0.05698523455481075,20.3733332497733,2.164,10.87,5.778999999999999,0.07438509961710671
2010-11-30,0.014903726081328061,0.03207087316847179,-0.005003211746323122,0.6093151392598948,0.6393288135954642,0.15747220843609336,0.15747220843609336,0.019969141956174052,20.095714387439546,2.309,10.94,5.6240000000000006,0.024874359717792505
2010-12-31,0.02353230842610099,0.061600516400972305,-0.022084404118809076,0.6393288135954642,0.6663663168451653,0.15747220843609336,0.15747220843609336,0.015091033799363052,17.569545529105447,2.672727272727273,10.9,5.265454545454545,0.05705192432368711
2011-01-31,0.03116332266780475,0.031948334559665836,0.001826165466104479,0.6663663168451653,0.6956810794510558,0.15747220843609336,0.15747220843609336,-0.022890184884366782,17.31549987792969,2.7795,10.73,4.850999999999999,-0.0029551156955672786
2011-02-28,0.03235824805518939,0.04129029282810737,-0.008773092743611488,0.6956810794510558,0.7133733214705814,0.15747220843609336,0.15747220843609336,0.010167251888469009,17.4299999036287,2.8036842105263156,11.11,4.378421052631579,0.04596801252656313
2011-03-31,-0.017643367260925413,0.07127514926472478,0.010450822715563746,0.7133733214705814,0.7435079121046855,0.15747220843609336,0.15747220843609336,0.03545189430601159,20.72347815140434,2.7169565217391303,11.58,4.577391304347825,0.11091210436270327
2011-04-30,0.024116636991778906,0.051425183468473135,0.000516386161659721,0.7435079121046855,0.7222178833293261,0.15747220843609336,0.15747220843609336,0.04353915717329904,16.244000005722047,2.7205000000000004,12.16,4.411,0.07964963784681278
2011-05-31,-0.0024859417345042267,-0.06577122965646365,0.019819149811033387,0.7222178833293261,0.6990438290486986,0.15747220843609336,0.15747220843609336,0.018245043732390442,16.911428587777273,2.6133333333333333,12.57,4.65095238095238,-0.11359350970646576
2011-06-30,-0.03490960511084629,-0.022836616190814008,0.015157092943869577,0.6990438290486986,0.7149353691119269,0.15747220843609336,0.15747220843609336,0.010587611220559623,19.15318202972412,2.591818181818182,12.66,5.309090909090909,-0.04853861163076045
2011-07-31,0.021837309209728817,0.01221615855087177,0.004648199770392214,0.7149353691119269,0.6463354015687034,0.15747220843609336,0.15747220843609336,0.030192342113515513,19.22749991416931,2.5965000000000003,12.73,5.247,0.006109936575052766
2011-08-31,-0.10760111737213007,-0.05307528644983128,0.025179609335216346,0.6463354015687034,0.6231666144347037,0.15747220843609336,0.23620502788312014,0.12024154690181121,35.02913035517154,2.072608695652174,12.87,6.8756521739130445,-0.10835487192418414
2011-09-30,-0.03572830895869161,-0.017885609807663627,0.0063688718535221955,0.6231666144347037,0.6259751165855855,0.23620502788312014,0.3212504699658806,0.004403470188439007,36.52999977838425,1.7638095238095235,12.87,7.586666666666668,-0.015347905496965741
2011-10-31,0.023180123482566373,-0.022521413131958656,-0.00599376662810569,0.6259751165855855,0.6410977400569801,0.3212504699658806,0.36084268242443424,-0.05676726028045975,32.82904770260765,1.8715,12.43,7.7615,0.06449663425579644
2011-11-30,-0.0026542942119361923,0.04342499477597617,0.00834014937180716,0.6410977400569801,0.6386703328351311,0.36084268242443424,0.36084268242443424,0.040853053725363075,31.941904703776043,1.7599999999999998,12.09,7.480499999999999,0.10770415504991449
2011-12-31,0.005252178210066072,-0.01524095596979802,0.0018722550836485219,0.6386703328351311,0.6681039450329328,0.36084268242443424,0.43556884701302245,-0.058076970618910595,25.047619047619047,1.720952380952381,11.46,7.415238095238097,-0.00679978687235161
2012-01-31,0.03904615694757774,0.026575559620365397,0.0040605857125664,0.6681039450329328,0.7086884360540668,0.43556884701302245,0.4487089797961937,0.011608779524467927,20.227999877929687,1.7259999999999998,11.23,6.712999999999999,0.013912377059650094
2012-02-29,0.05336219850927493,0.039382509920628195,0.0007967552951779755,0.7086884360540668,0.7239662939233583,0.4487089797961937,0.48166905174007424,0.050815763067451725,18.420499992370605,1.6894999999999996,11.17,6.0855,0.05413004918164965
2012-03-31,0.01642704705615672,0.023294319347781922,-0.007257849536736916,0.7239662939233583,0.7074818357484454,0.48166905174007424,0.48166905174007424,-0.03739862237011382,16.16727287119085,1.8281818181818181,10.85,5.771818181818182,0.014269324537501848
2012-04-30,-0.015174754184189121,-0.02842945567548516,0.007021522690676463,0.7074818357484454,0.6608775607306683,0.48166905174007424,0.48166905174007424,-0.015881606175721652,17.822999906539916,1.7609523809523815,10.4,5.9505,-0.03360904913396956
2012-05-31,-0.04890624590513715,-0.06606294116313005,0.006472515612579777,0.6608775607306683,0.6188645467924035,0.48166905174007424,0.48166905174007424,-0.037625142218724816,21.001818136735395,1.518181818181818,9.9,6.1072727272727265,-0.11799418661360483
2012-06-30,-0.021956180775437484,-0.08946093764501084,0.0018426975013856595,0.6188645467924035,0.6630781989461707,0.48166905174007424,0.48166905174007424,0.008076084258833438,21.130952290126256,1.3304761904761904,9.86,6.5980952380952385,-0.07976223389549375
2012-07-31,0.030136831312172152,0.08114062278043255,0.004973456830198231,0.6630781989461707,0.7009176761325083,0.48166905174007424,0.48166905174007424,-0.004411695100409507,17.565238180614653,1.2785714285714285,9.71,6.168095238095238,0.06839717590506234
2012-08-31,0.037576551545182024,0.05533477061211012,-0.0021064553366128003,0.7009176761325083,0.7217903184139476,0.48166905174007424,0.48166905174007424,0.023110507254644697,15.689565119536027,1.4095652173913045,9.79,5.739565217391304,0.07278637631602636
2012-09-30,0.031327640293378645,0.01331246870634506,0.0036630539168609477,0.7217903184139476,0.7125675169455286,0.48166905174007424,0.48166905174007424,0.07085845935904245,15.284736834074321,1.467894736842105,9.79,5.409473684210526,-0.013619921363040688
2012-10-31,-0.0015728841908521085,-0.023754681743265227,-0.0008148050856673361,0.7125675169455286,0.6954207396585167,0.48166905174007424,0.48166905174007424,-0.0006603217832850117,16.276190576099214,1.4690476190476192,10.06,5.305714285714286,-0.061795782133594046
2012-11-30,-0.01965450959901771,-0.022063509996762543,0.0026847067424260462,0.6954207396585167,0.7116320663813783,0.48166905174007424,0.4935888928549468,-0.012462085955755486,16.70190484183175,1.3860000000000003,9.46,5.527,-0.008837275173488313
2012-12-31,0.032731300043106426,-0.00021918114303676184,-0.0005173993241913699,0.7116320663813783,0.7403741047553902,0.4935888928549468,0.5156533869673449,-0.023137664401599367,17.306999826431273,1.4620000000000002,9.54,5.178,0.01782642242734278
2013-01-31,0.039057180052072926,0.02770950783365045,-0.003232529292014563,0.7403741047553902,0.7546188956779114,0.5156533869673449,0.5403773070757178,-0.007119355514160097,13.505238124302455,1.6495238095238096,9.49,4.774761904761904,0.07468947238381873
2013-02-28,0.015869877915676067,0.01828148622144199,-0.0005911214188104585,0.7546188956779114,0.7519557795215523,0.5403773070757178,0.5913889523722141,-0.02645109725184236,14.07263163516396,1.7168421052631577,9.68,4.837894736842105,-0.019280507876792807
2013-03-31,0.0162633173742619,-0.031672584732648223,0.0019375320862458079,0.7519557795215523,0.7436212838276023,0.5913889523722141,0.6093151392598948,-0.020691692036862164,13.031500005722046,1.7014999999999998,9.07,4.654000000000001,-0.0004208956019072785
2013-04-30,0.007934756980980673,-0.03760811186962698,0.005739766466193785,0.7436212838276023,0.7640166021855099,0.6093151392598948,0.6188645467924035,-0.0677685037468263,13.967272715135055,1.5268181818181816,8.56,4.639545454545455,-0.01951326112911478
2013-05-31,0.03895800456813925,0.004581017031694223,-0.004580265915033244,0.7640166021855099,0.7447219313415199,0.6188645467924035,0.6188645467924035,-0.046348175605336106,13.493636304681951,1.677727272727273,8.96,4.256818181818181,0.02791443559566198
2013-06-30,-0.029449087383833783,-0.007082681792808465,-0.013941256830601101,0.7447219313415199,0.7662439261201122,0.6188645467924035,0.6188645467924035,-0.05237477891508313,17.271499919891358,1.9665000000000006,9.35,4.9085,0.030937648738695644
2013-07-31,0.02643466208642109,0.02626747430355758,-0.00592634847242246,0.7662439261201122,0.7763145849724403,0.6188645467924035,0.6188645467924035,-0.04031572200773892,13.97454565221613,2.2413636363636367,9.36,4.679999999999999,0.0917205293936596
2013-08-31,0.013013094545176518,0.01106643274554231,-0.0020609325413328827,0.7763145849724403,0.7844080637786951,0.6188645467924035,0.6188645467924035,0.050754668407087866,14.209999908100475,2.380909090909091,8.82,4.6242857142857146,0.004369890047927871
2013-09-30,0.016640195762656296,-0.00017688471603116707,-0.0010980628297495576,0.7844080637786951,0.792697493641543,0.6188645467924035,0.6188645467924035,-0.001890190242391121,14.692000102996825,2.4055,8.38,4.5175,-0.007943859649122809
2013-10-31,0.026251631807088227,-0.01929679426127029,0.012783279671656045,0.792697493641543,0.7948054729756713,0.6188645467924035,0.6188645467924035,-0.026115513878087415,15.407826050468113,2.2804545454545453,8.26,4.430909090909091,-0.06794088242506557
2013-11-30,0.023450199984352604,-0.02880840150742492,0.0031054657970048805,0.7948054729756713,0.8055857693024246,0.6188645467924035,0.6188645467924035,-0.030950317127912963,12.923999977111816,2.4147368421052624,8.24,4.2036842105263155,-0.04879961547218492
2013-12-31,0.005214339413241786,0.026382402597252108,-0.0070714285927053755,0.8055857693024246,0.8042257045479552,0.6188645467924035,0.6188645467924035,-0.041938197031024194,14.192380905151367,2.5619047619047626,8.2,3.9542857142857137,0.03797872340425523
2014-01-31,0.012777605065606323,-0.02161259701326068,-0.0012297222175429168,0.8042257045479552,0.8169264860006896,0.6188645467924035,0.6188645467924035,0.01838979128585172,14.240952400934129,2.4642857142857144,8.18,3.8557142857142863,-0.023214102695500505
2014-02-28,-0.0025824842479906795,0.036426435458896345,0.008285141107440719,0.8169264860006896,0.8274761379904494,0.6188645467924035,0.6188645467924035,0.04707402347156453,15.470000116448654,2.3826315789473678,7.83,3.913684210526316,0.06229998426105654
2014-03-31,0.015937764264800203,0.008814240743024948,-0.0033614293513272164,0.8274761379904494,0.8338148867148835,0.6188645467924035,0.6188645467924035,0.02497257573821554,14.836666742960611,2.3242857142857143,8.21,3.67952380952381,-0.004884312418203862
2014-04-30,0.004665467448891736,0.011893599901165786,-0.0010449664361323885,0.8338148867148835,0.8412304575513134,0.6188645467924035,0.6188645467924035,-0.02714548352801327,14.198095321655273,2.2880952380952384,8.25,3.5976190476190473,0.013419621233175638
2014-05-31,0.01351371943338342,-0.0013346910588503125,0.007505686602239381,0.8412304575513134,0.8554314559233273,0.6188645467924035,0.6188645467924035,-0.008079536856281155,12.475238028026762,2.17,8.43,3.655714285714286,0.0016405484818804439
2014-06-30,0.0237843697686706,0.007577494458757661,-0.002288730485910828,0.8554314559233273,0.8482261598505783,0.6188645467924035,0.6188645467924035,-0.004362780953886425,11.541428565979004,2.1461904761904758,8.17,3.3671428571428574,0.02990686190627523
2014-07-31,0.007587739671486959,-0.031546505468938,0.0002807400375723912,0.8482261598505783,0.826525664736738,0.6188645467924035,0.6188645467924035,0.022603353566359674,12.296363613822244,2.0359090909090907,8.19,3.5513636363636354,-0.041238630537569154
2014-08-31,-0.014694243493669212,-0.04291794760229006,0.0044527219586396605,0.826525664736738,0.8175390702202588,0.6188645467924035,0.6188645467924035,-0.012206141388909075,13.497142927987236,1.9476190476190476,7.8,3.8709523809523807,-0.05349936870249783
2014-09-30,0.005942623440558403,-0.03245775046925725,-0.003984623816789323,0.8175390702202588,0.772674316647254,0.6188645467924035,0.6188645467924035,-0.04443330391109923,13.466666630336217,1.9676190476190476,7.56,3.9609523809523814,-0.037560159029085494
2014-10-31,-0.04479942661498015,-0.06950985597095172,0.01242272882878881,0.772674316647254,0.7759469588421044,0.6188645467924035,0.6188645467924035,-0.012098216921643368,18.01608711740245,1.858636363636364,7.46,4.403181818181817,-0.10283726492010004
2014-11-30,0.041570472138757086,-0.04967739902666657,-0.0008366947679652181,0.7759469588421044,0.7245240051953861,0.6188645467924035,0.6630781989461707,-0.03779900147698956,13.41315786462081,1.7983333333333336,7.12,4.313333333333334,-0.12039258451472179
2014-12-31,-0.005347631114007156,-0.13943962652913344,0.0003648746365465527,0.7245240051953861,0.6725647362040552,0.6630781989461707,0.6725647362040552,0.019190712009469646,16.3118182962591,1.5718181818181818,6.36,4.861363636363637,-0.23633495881202315
2015-01-31,-0.01563741673719632,-0.13151992540546442,0.012609421794532283,0.6725647362040552,0.7108989053568988,0.6725647362040552,0.6725647362040552,0.04344441833849921,19.119499969482423,1.33,5.61,5.094210526315789,-0.13921082299887266
2015-02-28,0.03464316040596804,0.061105793568146494,-0.002496258659944961,0.7108989053568988,0.7035171608415557,0.6725647362040552,0.6725647362040552,-0.01956787491528833,15.904210492184287,1.3563157894736844,5.47,4.50157894736842,0.07172045264040228
2015-03-31,0.002482176373912237,-0.024670712558421126,7.944462098796734e-05,0.7035171608415557,0.7297425218792887,0.6725647362040552,0.6725647362040552,-0.03873472884289575,14.812727277929133,1.4022727272727271,5.43,4.41090909090909,-0.06856332795620068
2015-04-30,0.016058721971177192,0.04789924450733629,0.009541763163844585,0.7297425218792887,0.7503450777018912,0.6725647362040552,0.6725647362040552,0.017591805827711582,13.494761875697545,1.3950000000000002,5.2,4.391904761904762,0.17390209085565544
2015-05-31,0.008710767526261876,0.048743872611050065,-0.005421222362639533,0.7503450777018912,0.7386218370014541,0.6725647362040552,0.6725647362040552,-0.0010234431119158227,13.3385000705719,1.5885,5.46,4.264999999999999,0.06663090128755367
2015-06-30,-0.011959466964045151,-0.014901530453105272,-0.0035198103988509644,0.7386218370014541,0.7081103029311065,0.6725647362040552,0.6725647362040552,-0.013913168080311511,14.33954551003196,1.6749999999999998,5.42,4.384545454545454,-0.010285685544713874
2015-07-31,-0.010141652843700388,-0.0746441631375333,0.004564996330928883,0.7081103029311065,0.6580581883694326,0.6725647362040552,0.6580581883694326,-0.04373161625307376,14.35272723978216,1.656818181818182,5.47,4.818181818181819,-0.15770973616228356
2015-08-31,-0.026545296534790652,-0.1070429330226016,0.004570401757546305,0.6580581883694326,0.6320628631018731,0.6580581883694326,0.6320628631018731,-0.00985510293962455,19.42809536343529,1.4695238095238095,5.3,5.2823809523809535,-0.12277138116546815
2015-09-30,-0.056224093930120955,0.004831888029875442,0.00283707258029664,0.6320628631018731,0.6535033117835806,0.6320628631018731,0.6320628631018731,0.0051624071951290595,24.3771428607759,1.45952380952381,5.06,5.50095238095238,0.03483653537530351
2015-10-31,0.0376013544118714,0.005138182944544933,0.005609382967873611,0.6535033117835806,0.6408332113118469,0.6320628631018731,0.6320628631018731,0.028929548928304794,16.789545449343596,1.4252380952380952,5.17,5.951428571428572,0.04170589864303542
2015-11-30,0.014075807406854102,-0.05116704500383973,-0.011996922825445289,0.6408332113118469,0.6024169866731163,0.6320628631018731,0.6024169866731163,-0.06294762058985326,16.209999990463256,1.3784210526315785,5.5,5.653157894736841,-0.11909825606125057
2015-12-31,-0.016314864940460305,-0.08647906600849697,5.92062298234719e-05,0.6024169866731163,0.5419690245046933,0.6024169866731163,0.5419690245046933,-0.014790327044021723,18.02545473792336,1.26,5.73,6.217272727272728,-0.12186141960405616
2016-01-31,-0.06736649204626632,-0.08044433368236847,0.009272004290260982,0.5419690245046933,0.5389536956098798,0.5419690245046933,0.5389536956098798,0.025814766623538654,23.717894805105107,1.1857894736842103,6.27,7.0600000000000005,-0.12417348271358863
2016-02-29,-0.017238913236367392,0.010468826835101197,0.012933588873898394,0.5389536956098798,0.605949174800898,0.5389536956098798,0.5389536956098798,0.09581639508287321,22.516999816894533,1.0459999999999998,5.92,7.6735,0.0027938221998997648
2016-03-31,0.060761221595944104,0.10761039688942908,-0.006991803455026591,0.605949174800898,0.6334542551073487,0.5389536956098798,0.5389536956098798,0.03513329969296741,15.849090966311367,1.0140909090909094,5.85,6.326818181818183,0.20668336202848647
2016-04-30,0.025772049582640122,0.03898618622239858,0.006492602248606705,0.6334542551073487,0.6552527995082177,0.5389536956098798,0.5389536956098798,-0.0013155234968557084,14.300476255871,1.037142857142857,6.13,6.083333333333333,0.10078474609248333
2016-05-31,-0.00580344669014643,0.07120847486580528,-0.00148465638059736,0.6552527995082177,0.671736508007135,0.5389536956098798,0.5389536956098798,0.011497251173259615,14.852857044764928,0.99,5.72,5.678095238095239,0.1150415365580626
2016-06-30,0.0007834613481860764,0.04288485623689642,0.007215187612737317,0.671736508007135,0.6626550446756578,0.5389536956098798,0.5389536956098798,0.015743670370903295,17.774545496160332,0.9127272727272728,5.91,5.551818181818183,0.023375745022614858
2016-07-31,0.020384745286071704,-0.05699335113605286,0.00449224615403665,0.6626550446756578,0.6712263364672462,0.5389536956098798,0.5389536956098798,0.049804773574879446,13.158500051498413,0.8314999999999998,5.74,5.110000000000001,-0.09562164394878159
2016-08-31,0.022470590365217813,-0.006594510950691523,-0.002372830388523983,0.6712263364672462,0.6688366492922662,0.5389536956098798,0.5389536956098798,-0.0009841796775311717,12.399565240611201,0.819130434782609,5.96,4.731739130434783,0.0566910253482531
2016-09-30,-0.0031460861078353997,-0.0016841911898050066,-0.0015145146975368284,0.6688366492922662,0.6832858681435355,0.5389536956098798,0.5389536956098798,-0.00888856031784746,14.219523793175107,0.8595238095238092,6.46,4.554761904761905,-0.01869360851477664
2016-10-31,-0.009779181160120332,0.05680113113303498,-0.003610576434884938,0.6832858681435355,0.6680922227125223,0.5389536956098798,0.5389536956098798,-0.04574362558912859,14.58523804800851,0.9215,6.54,4.0760000000000005,0.07374332434069242
2016-11-30,-0.003166585077008066,-0.03358988446070321,-0.012359288875087304,0.6680922227125223,0.7119726264451967,0.5389536956098798,0.5389536956098798,-0.02515509863188614,15.236190387180873,1.1625,6.29,4.1605,-0.04196406596111235
2016-12-31,0.030602680136764038,0.0872934638092,-0.01315765779285094,0.7119726264451967,0.7263901058744242,0.5389536956098798,0.5389536956098798,-0.06778553525025377,12.472380956013998,1.2952380952380953,6.77,3.4195238095238087,0.12470563048597727
2017-01-31,0.019045494352292636,0.012592899618677711,0.003248115910293725,0.7263901058744242,0.7423131542957897,0.5389536956098798,0.5389536956098798,0.03646078427886246,11.608500003814697,1.2260000000000002,7.3,3.1864999999999997,0.011820690967925929
2017-02-28,0.02202977002837847,0.013285120082896062,0.0017224758544172047,0.7423131542957897,0.7345505904779909,0.5389536956098798,0.5389536956098798,0.035877957753727374,11.530526361967388,1.2178947368421056,7.44,3.032105263157894,0.009199337798178941
2017-03-31,0.014821279498723694,-0.041849303322198494,-0.0035063160292744255,0.7345505904779909,0.7419851458437416,0.5389536956098798,0.5389536956098798,-0.0031000043983802072,11.897826111834982,1.168695652173913,6.88,2.887826086956521,-0.08733339547022079
2017-04-30,0.0012507159892476416,0.015253865881147632,0.009802295418168683,0.7419851458437416,0.7455259406485059,0.5389536956098798,0.5389536956098798,0.032284273512965145,13.136315847698011,1.0563157894736843,6.6,2.874210526315789,0.023651960784313752
2017-05-31,0.024704359183095992,-0.025354827005649394,0.0004186977679569992,0.7455259406485059,0.7379005371055468,0.5389536956098798,0.5389536956098798,-0.019973873600239167,10.862272782759232,1.0018181818181817,6.17,2.624090909090909,-0.024152998922542857
2017-06-30,0.0141919515532829,-0.04354974810893042,0.0034735501235008126,0.7379005371055468,0.7516410903784028,0.5389536956098798,0.5389536956098798,0.011533865881208749,10.513636328957297,0.8445454545454548,6.03,2.5500000000000003,-0.08183816388079546
2017-07-31,0.008717194946924689,0.028135824172352164,-0.003103884406197799,0.7516410903784028,0.7600546634301865,0.5389536956098798,0.5389536956098798,-0.017852749575745452,10.264499998092651,0.9455000000000003,6.03,2.4669999999999996,0.05035074045206556
2017-08-31,0.005005213862186331,0.014864234986037506,0.004723225837182765,0.7600546634301865,0.780705978394713,0.5389536956098798,0.5389536956098798,0.037802330258356776,11.97565215566884,0.8739130434782608,6.34,2.6047826086956527,0.02027943857863712
2017-09-30,0.015757715155918284,0.03683154900306129,-0.0007905650966939515,0.780705978394713,0.7970258583939229,0.5389536956098798,0.5389536956098798,0.024143652235355306,10.437999963760376,0.8174999999999999,6.43,2.4419999999999997,0.03745649124629846
2017-10-31,0.021413535794669425,0.019052590526763113,-0.007035297216612557,0.7970258583939229,0.8223237750538492,0.5389536956098798,0.5389536956098798,-0.02617499465019124,10.125454512509434,0.8104761904761906,6.14,2.0938095238095236,0.0485728592889334
2017-11-30,0.010924919161570568,0.05771016244848681,-0.0024206651855290806,0.8223237750538492,0.831662865158105,0.5389536956098798,0.5389536956098798,0.0009240609284040247,10.540476163228353,0.6566666666666667,6.3,2.120952380952381,0.1012416427889209
2017-12-31,0.019542581196778874,0.0009060855772728971,-0.004995536307861759,0.831662865158105,0.8765038579869362,0.5389536956098798,0.5389536956098798,-0.011832943345387426,10.264500045776368,0.5585,6.21,1.9,0.023382480485689472
2018-01-31,0.04804196939763017,0.06235756647353252,-0.006700934238134448,0.8765038579869362,0.853660669827521,0.5389536956098798,0.5389536956098798,0.05059994866015338,11.062381017775763,0.5519047619047619,6.17,1.5466666666666664,0.098596562595342
2018-02-28,-0.031230686462974,-0.016957696511463394,-0.008617674326106606,0.853660669827521,0.8512133832500445,0.5389536956098798,0.5389536956098798,0.0005660392766613231,22.464736637316253,0.6836842105263159,6.31,1.5805263157894733,-0.05237985034328463
2018-03-31,-0.007907019864065612,0.004343015569348685,-9.221396477177013e-05,0.8512133832500445,0.8603467076727416,0.5389536956098798,0.5389536956098798,-0.004047198646980332,19.023809750874836,0.5666666666666667,6.46,1.571904761904762,0.0387495929664603
2018-04-30,-0.008075227720861333,0.03852433283935408,-0.0020838547376411665,0.8603467076727416,0.8810544450689735,0.5389536956098798,0.5389536956098798,0.006508538395314067,18.26761904216948,0.4847619047619049,6.36,1.3195238095238093,0.05219435736677114
2018-05-31,0.011404209699168444,0.04457203184390224,-0.003963857324787656,0.8810544450689735,0.8750335091640822,0.5389536956098798,0.5389536956098798,-0.023754845589161078,14.124545487490566,0.46590909090909083,6.6,1.1922727272727274,0.026627439296886823
2018-06-30,0.004112125707363523,-0.023723840618646075,0.0015089697196872809,0.8750335091640822,0.8736010831035599,0.5389536956098798,0.5389536956098798,-0.01759300990021717,13.678095318022228,0.379047619047619,6.87,1.1114285714285714,-0.007762904922552494
2018-07-31,0.006099598949273366,-0.012944207151363352,0.00032164645212140464,0.8736010831035599,0.8741817224696085,0.5389536956098798,0.605949174800898,-0.03326569242937816,13.147619065784273,0.28238095238095245,6.85,1.1938095238095239,0.030819288560669733
2018-08-31,0.011734424767577023,-0.015446173885309,0.0007972522807879745,0.8741817224696085,0.8852820225936617,0.605949174800898,0.6334542551073487,-0.030254101910402453,12.546956518422002,0.2534782608695652,6.6,1.0069565217391303,-0.035111363313945154
2018-09-30,0.006821664954273832,0.024024510902628027,-0.004794074460022668,0.8852820225936617,0.8702659082255365,0.6334542551073487,0.6552527995082177,-0.0019212324053348162,12.910526325828151,0.23631578947368423,5.98,0.7789473684210527,0.04421083584503416
2018-10-31,-0.04277336611888716,0.019872450218719306,-0.0038985925682224476,0.8702659082255365,0.8208708026555149,0.6552527995082177,0.6626550446756578,0.014438921421886297,19.352173639380414,0.2913636363636364,6.22,0.8763636363636365,-0.04540142491059118
2018-11-30,-0.0247996974810758,-0.10681425705101866,0.002598220922485739,0.8208708026555149,0.7692274676112358,0.6626550446756578,0.6626550446756578,0.004522197659012406,19.389047622680664,0.258,5.88,1.3225,-0.19613555072089683
2018-12-31,-0.051952232997250825,-0.07801582028234622,0.010922123687783003,0.7692274676112358,0.785158213476089,0.6626550446756578,0.6680922227125223,0.025411233813137146,24.953157726087067,0.1563157894736842,5.81,2.1331578947368413,-0.10939449541284396
2019-01-31,0.020224268952398816,0.014097808199008188,0.005895856793339815,0.785158213476089,0.8262386301351144,0.6680922227125223,0.6680922227125223,0.032348993055495434,19.57238079252697,0.1704761904761905,5.55,2.0071428571428576,0.10398038650129782
2019-02-28,0.05157729851221249,0.04327292569551089,0.0009749560632688059,0.8262386301351144,0.845437653897079,0.6680922227125223,0.6680922227125223,0.02067783027564296,15.234736844112998,0.17210526315789473,5.32,1.5789473684210527,0.03279835774937023
2019-03-31,0.01661664667080265,0.029459714841590268,0.0038653348800441467,0.845437653897079,0.8760388078152878,0.6680922227125223,0.6680922227125223,-0.01383186965669736,14.485238075256348,0.16142857142857142,5.66,1.5176190476190479,0.07277408862989554
2019-04-30,0.029852426904817486,0.044063785477523876,0.0016841036577772694,0.8760388078152878,0.8551632070131707,0.6680922227125223,0.7119726264451967,-0.01120901406800845,12.949047588166737,0.1876190476190476,5.6,1.3585714285714283,0.06590028633990253
2019-05-31,-0.02034395335185135,-0.03289717880029153,0.005402589692737658,0.8551632070131707,0.8454168028284869,0.7119726264451967,0.7263901058744242,-0.0016713901676168597,16.721818056973543,0.18863636363636369,5.39,1.719090909090909,-0.06549994074191134
2019-06-30,0.012179014474337002,-0.051323509812314705,0.014182113416384867,0.8454168028284869,0.8687855722351162,0.7263901058744242,0.7345505904779909,0.060423547122076204,15.835999870300293,0.26000000000000006,,2.2264999999999997,-0.05335869794969328
2019-07-31,0.030551957936652885,0.023479107954776923,-0.0008326489724598263,0.8687855722351162,0.8321450432261667,0.7345505904779909,0.7345505904779909,0.03968116809455435,13.30590907010165,0.2240909090909091,,2.034090909090909,0.016844700082169206
2019-08-31,-0.0377373871424872,-0.05591834217003633,0.011997228812045346,0.8321450432261667,0.8564653236644929,0.7345505904779909,0.7379005371055468,0.061986177970688505,18.979090907356955,0.05500000000000001,5.45,2.529090909090909,-0.03978919631093547
2019-09-30,0.028851179600237975,0.029886615491905966,-0.003770831893065485,0.8564653236644929,0.8536279593479003,0.7379005371055468,0.7379005371055468,0.0031644391003875505,15.558999872207641,0.05150000000000001,5.21,2.1384999999999996,0.017855836077570464
2019-10-31,0.0015253519434099694,-0.0104908013458761,0.000478267885060335,0.8536279593479003,0.8837950289047314,0.7379005371055468,0.7379005371055468,-0.008772061197448,15.466521760691768,0.15545454545454543,5.36,2.4909090909090907,-0.005410166079517054
2019-11-30,0.04135079904635797,0.029372266319505735,-0.005257487854499088,0.8837950289047314,0.9024215993247332,0.7379005371055468,0.7516410903784028,-0.016563309570860718,12.523499965667725,0.19947368421052633,5.55,2.486842105263158,0.029637661516219715
2019-12-31,0.020262438940865657,0.025458292351177025,-0.002767009155620004,0.9024215993247332,0.9104190556722137,0.7516410903784028,0.7600546634301865,0.008522266285598823,13.756666637602306,0.24952380952380954,5.79,2.1728571428571426,0.06881965774462473
2020-01-31,0.025933183402641058,-0.01612511419575713,0.0044976974311661255,0.9104190556722137,0.8805832492319712,0.7600546634301865,0.7692274676112358,0.05181723521314696,13.94095243726458,0.2385714285714286,6.09,2.079047619047619,-0.08314996058854451
2020-02-29,-0.005668555814169918,-0.08117812893611343,0.0094054439632143,0.8805832492319712,0.7039185136917783,0.7692274676112358,0.7039185136917783,0.02305769378736322,19.628947358382376,0.1731578947368421,5.83,2.475263157894737,-0.1021806295616352
2020-03-31,-0.1995404716781748,-0.23286984064791882,0.030732963504440214,0.7039185136917783,0.6755928458194098,0.7039185136917783,0.6755928458194098,-0.0023049203217407888,57.7368184002963,0.42181818181818187,5.94,7.522272727272727,-0.4203181886190215
2020-04-30,0.02967972383372497,-0.12629913648426505,0.006927786535078528,0.6755928458194098,0.7378722160571951,0.6755928458194098,0.6755928458194098,0.05941111988987302,41.45380964733305,0.4328571428571428,15.03,7.953809523809523,-0.33107922086860764
2020-05-31,0.05404226634686826,0.0997959227646732,0.0021977606447700637,0.7378722160571951,0.8180002246863687,0.6755928458194098,0.6755928458194098,0.01914910233749767,30.89700002670288,0.5035,13.42,7.174499999999999,0.6716141479099678
2020-06-30,0.07357458622030721,0.12375536684658028,0.00017558081811230863,0.8180002246863687,0.8530486590318103,0.6755928458194098,0.6755928458194098,0.010030514709576721,31.11954550309615,0.5436363636363635,,5.89,0.19375538594115493
2020-07-31,0.03188847101624459,0.05332938709144375,0.002926089035426349,0.8530486590318103,0.893882023703955,0.6755928458194098,0.6755928458194098,0.063717752296931,26.840454621748492,0.4754545454545454,,5.532727272727272,0.04866258459555284
2020-08-31,0.04919055002493389,0.046117711076052226,0.0006459385537298523,0.893882023703955,0.8856632747962582,0.6755928458194098,0.6755928458194098,0.06660613364645895,22.88952382405599,0.5104761904761904,9.71,4.993333333333334,0.02426551936078658
2020-09-30,-0.00539926453793671,-0.01581821196557065,0.00011505032814174143,0.8856632747962582,0.8973630684493441,0.6755928458194098,0.6755928458194098,-0.023597541056371907,27.647619065784273,0.5447619047619048,9.27,5.138571428571429,-0.06545533099707157
2020-10-31,0.010459107830841807,0.019377970279970347,-0.002080332402163765,0.8973630684493441,0.9350665257622093,0.6755928458194098,0.6755928458194098,-0.01215046179649193,29.438636086203836,0.6376190476190476,8.08,4.919047619047619,0.008860922049569675
2020-11-30,0.04730506633784226,0.04086016057497521,-0.0016675470486489097,0.9350665257622093,0.987586164466187,0.6755928458194098,0.6755928458194098,-0.01805934624903416,24.995500087738037,0.7042105263157894,7.87,4.426315789473684,0.07540733197556015
